space,mean,median,p95
resize_640x480,6.118189725649807,1.0,29.154759474226502
native_equivalent,5.591256636009594,1.0,25.495097567963924
